James,Butt,6649 N Blue Gum St,New Orleans,LA,70116,504-621-8927,jbutt@gmail.com,4907
Josephine,Darakjy,4 B Blue Ridge Blvd,Brighton,MI,48116,810-292-9388,josephine_darakjy@darakjy.org,5285
Art,Venere,8 W Cerritos Ave #54,Bridgeport,NJ,8014,856-636-8749,art@venere.org,9389
Lenna,Paprocki,639 Main St,Anchorage,AK,99501,907-385-4412,lpaprocki@hotmail.com,3547
Donette,Foller,34 Center St,Hamilton,OH,45011,513-570-1893,donette.foller@cox.net,6192
Simona,Morasca,3 Mcauley Dr,Ashland,OH,44805,419-503-2484,simona@morasca.com,7612
Mitsue,Tollner,7 Eads St,Chicago,IL,60632,773-573-6914,mitsue_tollner@yahoo.com,8240
Leota,Dilliard,7 W Jackson Blvd,San Jose,CA,95111,408-752-3500,leota@hotmail.com,7776
Sage,Wieser,5 Boston Ave #88,Sioux Falls,SD,57105,605-414-2147,sage_wieser@cox.net,1150
Kris,Marrier,228 Runamuck Pl #2808,Baltimore,MD,21224,410-655-8723,kris@gmail.com,9786
Minna,Amigon,2371 Jerrold Ave,Kulpsville,PA,19443,215-874-1229,minna_amigon@yahoo.com,3801
Abel,Maclead,37275 St  Rt 17m M,Middle Island,NY,11953,631-335-3414,amaclead@gmail.com,8155
Kiley,Caldarera,25 E 75th St #69,Los Angeles,CA,90034,310-498-5651,kiley.caldarera@aol.com,4786
Graciela,Ruta,98 Connecticut Ave Nw,Chagrin Falls,OH,44023,440-780-8425,gruta@cox.net,6576
Cammy,Albares,56 E Morehead St,Laredo,TX,78045,956-537-6195,calbares@gmail.com,6830
Mattie,Poquette,73 State Road 434 E,Phoenix,AZ,85013,602-277-4385,mattie@aol.com,4325
Meaghan,Garufi,69734 E Carrillo St,Mc Minnville,TN,37110,931-313-9635,meaghan@hotmail.com,3888
Gladys,Rim,322 New Horizon Blvd,Milwaukee,WI,53207,414-661-9598,gladys.rim@rim.org,5613
Yuki,Whobrey,1 State Route 27,Taylor,MI,48180,313-288-7937,yuki_whobrey@aol.com,8821
Fletcher,Flosi,394 Manchester Blvd,Rockford,IL,61109,815-828-2147,fletcher.flosi@yahoo.com,2139
Bette,Nicka,6 S 33rd St,Aston,PA,19014,610-545-3615,bette_nicka@cox.net,2102
Veronika,Inouye,6 Greenleaf Ave,San Jose,CA,95111,408-540-1785,vinouye@aol.com,1139
Willard,Kolmetz,618 W Yakima Ave,Irving,TX,75062,972-303-9197,willard@hotmail.com,6799
Maryann,Royster,74 S Westgate St,Albany,NY,12204,518-966-7987,mroyster@royster.com,9623
Alisha,Slusarski,3273 State St,Middlesex,NJ,8846,732-658-3154,alisha@slusarski.com,6411
Allene,Iturbide,1 Central Ave,Stevens Point,WI,54481,715-662-6764,allene_iturbide@cox.net,3680
Chanel,Caudy,86 Nw 66th St #8673,Shawnee,KS,66218,913-388-2079,chanel.caudy@caudy.org,1056
Ezekiel,Chui,2 Cedar Ave #84,Easton,MD,21601,410-669-1642,ezekiel@chui.com,4682
Willow,Kusko,90991 Thorburn Ave,New York,NY,10011,212-582-4976,wkusko@yahoo.com,1993
Bernardo,Figeroa,386 9th Ave N,Conroe,TX,77301,936-336-3951,bfigeroa@aol.com,9078
Ammie,Corrio,74874 Atlantic Ave,Columbus,OH,43215,614-801-9788,ammie@corrio.com,5261
Francine,Vocelka,366 South Dr,Las Cruces,NM,88011,505-977-3911,francine_vocelka@vocelka.com,3285
Ernie,Stenseth,45 E Liberty St,Ridgefield Park,NJ,7660,201-709-6245,ernie_stenseth@aol.com,3773
Albina,Glick,4 Ralph Ct,Dunellen,NJ,8812,732-924-7882,albina@glick.com,5538
Alishia,Sergi,2742 Distribution Way,New York,NY,10025,212-860-1579,asergi@gmail.com,2418
Solange,Shinko,426 Wolf St,Metairie,LA,70002,504-979-9175,solange@shinko.com,3548
Jose,Stockham,128 Bransten Rd,New York,NY,10011,212-675-8570,jose@yahoo.com,2413
Rozella,Ostrosky,17 Morena Blvd,Camarillo,CA,93012,805-832-6163,rozella.ostrosky@ostrosky.com,1716
Valentine,Gillian,775 W 17th St,San Antonio,TX,78204,210-812-9597,valentine_gillian@gmail.com,8871
Kati,Rulapaugh,6980 Dorsett Rd,Abilene,KS,67410,785-463-7829,kati.rulapaugh@hotmail.com,4949
Youlanda,Schemmer,2881 Lewis Rd,Prineville,OR,97754,541-548-8197,youlanda@aol.com,4575
Dyan,Oldroyd,7219 Woodfield Rd,Overland Park,KS,66204,913-413-4604,doldroyd@aol.com,5533
Roxane,Campain,1048 Main St,Fairbanks,AK,99708,907-231-4722,roxane@hotmail.com,4187
Lavera,Perin,678 3rd Ave,Miami,FL,33196,305-606-7291,lperin@perin.org,6379
Erick,Ferencz,20 S Babcock St,Fairbanks,AK,99712,907-741-1044,erick.ferencz@aol.com,2837
Fatima,Saylors,2 Lighthouse Ave,Hopkins,MN,55343,952-768-2416,fsaylors@saylors.org,1405
Jina,Briddick,38938 Park Blvd,Boston,MA,02128,617-399-5124,jina_briddick@briddick.com,3100
Kanisha,Waycott,5 Tomahawk Dr,Los Angeles,CA,90006,323-453-2780,kanisha_waycott@yahoo.com,6546
Emerson,Bowley,762 S Main St,Madison,WI,53711,608-336-7444,emerson.bowley@bowley.org,5926
Blair,Malet,209 Decker Dr,Philadelphia,PA,19132,215-907-9111,bmalet@yahoo.com,8074
Brock,Bolognia,4486 W O St #1,New York,NY,10003,212-402-9216,bbolognia@yahoo.com,1694
Lorrie,Nestle,39 S 7th St,Tullahoma,TN,37388,931-875-6644,lnestle@hotmail.com,3204
Sabra,Uyetake,98839 Hawthorne Blvd #6101,Columbia,SC,29201,803-925-5213,sabra@uyetake.org,9405
Marjory,Mastella,71 San Mateo Ave,Wayne,PA,19087,610-814-5533,mmastella@mastella.com,3885
Karl,Klonowski,76 Brooks St #9,Flemington,NJ,8822,908-877-6135,karl_klonowski@yahoo.com,6927
Tonette,Wenner,4545 Courthouse Rd,Westbury,NY,11590,516-968-6051,twenner@aol.com,6547
Amber,Monarrez,14288 Foster Ave #4121,Jenkintown,PA,19046,215-934-8655,amber_monarrez@monarrez.org,9760
Shenika,Seewald,4 Otis St,Van Nuys,CA,91405,818-423-4007,shenika@gmail.com,2637
Delmy,Ahle,65895 S 16th St,Providence,RI,2909,401-458-2547,delmy.ahle@hotmail.com,6632
Deeanna,Juhas,14302 Pennsylvania Ave,Huntingdon Valley,PA,19006,215-211-9589,deeanna_juhas@gmail.com,8316
Blondell,Pugh,201 Hawk Ct,Providence,RI,2904,401-960-8259,bpugh@aol.com,7114
Jamal,Vanausdal,53075 Sw 152nd Ter #615,Monroe Township,NJ,8831,732-234-1546,jamal@vanausdal.org,3629
Cecily,Hollack,59 N Groesbeck Hwy,Austin,TX,78731,512-486-3817,cecily@hollack.org,7467
Carmelina,Lindall,2664 Lewis Rd,Littleton,CO,80126,303-724-7371,carmelina_lindall@lindall.com,3141
Maurine,Yglesias,59 Shady Ln #53,Milwaukee,WI,53214,414-748-1374,maurine_yglesias@yglesias.com,6811
Tawna,Buvens,3305 Nabell Ave #679,New York,NY,10009,212-674-9610,tawna@gmail.com,1757
Penney,Weight,18 Fountain St,Anchorage,AK,99515,907-797-9628,penney_weight@aol.com,6294
Elly,Morocco,7 W 32nd St,Erie,PA,16502,814-393-5571,elly_morocco@gmail.com,2715
Ilene,Eroman,2853 S Central Expy,Glen Burnie,MD,21061,410-914-9018,ilene.eroman@hotmail.com,5291
Vallie,Mondella,74 W College St,Boise,ID,83707,208-862-5339,vmondella@mondella.com,3832
Kallie,Blackwood,701 S Harrison Rd,San Francisco,CA,94104,415-315-2761,kallie.blackwood@gmail.com,7446
Johnetta,Abdallah,1088 Pinehurst St,Chapel Hill,NC,27514,919-225-9345,johnetta_abdallah@aol.com,7000
Bobbye,Rhym,30 W 80th St #1995,San Carlos,CA,94070,650-528-5783,brhym@rhym.com,1260
Micaela,Rhymes,20932 Hedley St,Concord,CA,94520,925-647-3298,micaela_rhymes@gmail.com,5296
Tamar,Hoogland,2737 Pistorio Rd #9230,London,OH,43140,740-343-8575,tamar@hotmail.com,7685
Moon,Parlato,74989 Brandon St,Wellsville,NY,14895,585-866-8313,moon@yahoo.com,8070
Laurel,Reitler,6 Kains Ave,Baltimore,MD,21215,410-520-4832,laurel_reitler@reitler.com,7627
Delisa,Crupi,47565 W Grand Ave,Newark,NJ,7105,973-354-2040,delisa.crupi@crupi.com,3110
Viva,Toelkes,4284 Dorigo Ln,Chicago,IL,60647,773-446-5569,viva.toelkes@gmail.com,5055
Elza,Lipke,6794 Lake Dr E,Newark,NJ,7104,973-927-3447,elza@yahoo.com,8768
Devorah,Chickering,31 Douglas Blvd #950,Clovis,NM,88101,505-975-8559,devorah@hotmail.com,6485
Timothy,Mulqueen,44 W 4th St,Staten Island,NY,10309,718-332-6527,timothy_mulqueen@mulqueen.org,1095
Arlette,Honeywell,11279 Loytan St,Jacksonville,FL,32254,904-775-4480,ahoneywell@honeywell.com,8609
Dominque,Dickerson,69 Marquette Ave,Hayward,CA,94545,510-993-3758,dominque.dickerson@dickerson.org,7374
Lettie,Isenhower,70 W Main St,Beachwood,OH,44122,216-657-7668,lettie_isenhower@yahoo.com,9339
Myra,Munns,461 Prospect Pl #316,Euless,TX,76040,817-914-7518,mmunns@cox.net,5802
Stephaine,Barfield,47154 Whipple Ave Nw,Gardena,CA,90247,310-774-7643,stephaine@barfield.com,7625
Lai,Gato,37 Alabama Ave,Evanston,IL,60201,847-728-7286,lai.gato@gato.org,4253
Stephen,Emigh,3777 E Richmond St #900,Akron,OH,44302,330-537-5358,stephen_emigh@hotmail.com,3941
Tyra,Shields,3 Fort Worth Ave,Philadelphia,PA,19106,215-255-1641,tshields@gmail.com,2752
Tammara,Wardrip,4800 Black Horse Pike,Burlingame,CA,94010,650-803-1936,twardrip@cox.net,1201
Cory,Gibes,83649 W Belmont Ave,San Gabriel,CA,91776,626-572-1096,cory.gibes@gmail.com,8443
Danica,Bruschke,840 15th Ave,Waco,TX,76708,254-782-8569,danica_bruschke@gmail.com,3130
Wilda,Giguere,1747 Calle Amanecer #2,Anchorage,AK,99501,907-870-5536,wilda@cox.net,3341
Elvera,Benimadho,99385 Charity St #840,San Jose,CA,95110,408-703-8505,elvera.benimadho@cox.net,5898
Carma,Vanheusen,68556 Central Hwy,San Leandro,CA,94577,510-503-7169,carma@cox.net,3784
Malinda,Hochard,55 Riverside Ave,Indianapolis,IN,46202,317-722-5066,malinda.hochard@yahoo.com,5389
Natalie,Fern,7140 University Ave,Rock Springs,WY,82901,307-704-8713,natalie.fern@hotmail.com,1911
Lisha,Centini,64 5th Ave #1153,Mc Lean,VA,22102,703-235-3937,lisha@centini.org,1789
Arlene,Klusman,3 Secor Rd,New Orleans,LA,70112,504-710-5840,arlene_klusman@gmail.com,7436
Alease,Buemi,4 Webbs Chapel Rd,Boulder,CO,80303,303-301-4946,alease@buemi.com,4189
Louisa,Cronauer,524 Louisiana Ave Nw,San Leandro,CA,94577,510-828-7047,louisa@cronauer.com,8976
Angella,Cetta,185 Blackstone Bldge,Honolulu,HI,96817,808-892-7943,angella.cetta@hotmail.com,4114
Cyndy,Goldammer,170 Wyoming Ave,Burnsville,MN,55337,952-334-9408,cgoldammer@cox.net,2351
Rosio,Cork,4 10th St W,High Point,NC,27263,336-243-5659,rosio.cork@gmail.com,9829
Celeste,Korando,7 W Pinhook Rd,Lynbrook,NY,11563,516-509-2347,ckorando@hotmail.com,2984
Twana,Felger,1 Commerce Way,Portland,OR,97224,503-939-3153,twana.felger@felger.org,8020
Estrella,Samu,64 Lakeview Ave,Beloit,WI,53511,608-976-7199,estrella@aol.com,4301
Donte,Kines,3 Aspen St,Worcester,MA,01602,508-429-8576,dkines@hotmail.com,1148
Tiffiny,Steffensmeier,32860 Sierra Rd,Miami,FL,33133,305-385-9695,tiffiny_steffensmeier@cox.net,2769
Edna,Miceli,555 Main St,Erie,PA,16502,814-460-2655,emiceli@miceli.org,3378
Sue,Kownacki,2 Se 3rd Ave,Mesquite,TX,75149,972-666-3413,sue@aol.com,2578
Jesusa,Shin,2239 Shawnee Mission Pky,Tullahoma,TN,37388,931-273-8709,jshin@shin.com,7410
Rolland,Francescon,2726 Charcot Ave,Paterson,NJ,7501,973-649-2922,rolland@cox.net,2875
Pamella,Schmierer,5161 Dorsett Rd,Homestead,FL,33030,305-420-8970,pamella.schmierer@schmierer.org,1180
Glory,Kulzer,55892 Jacksonville Rd,Owings Mills,MD,21117,410-224-9462,gkulzer@kulzer.org,2683
Shawna,Palaspas,5 N Cleveland Massillon Rd,Thousand Oaks,CA,91362,805-275-3566,shawna_palaspas@palaspas.org,5172
Brandon,Callaro,7 Benton Dr,Honolulu,HI,96819,808-215-6832,brandon_callaro@hotmail.com,4243
Scarlet,Cartan,9390 S Howell Ave,Albany,GA,31701,229-735-3378,scarlet.cartan@yahoo.com,1819
Oretha,Menter,8 County Center Dr #647,Boston,MA,02210,617-418-5043,oretha_menter@yahoo.com,3165
Ty,Smith,4646 Kaahumanu St,Hackensack,NJ,7601,201-672-1553,tsmith@aol.com,8982
Xuan,Rochin,2 Monroe St,San Mateo,CA,94403,650-933-5072,xuan@gmail.com,5493
Lindsey,Dilello,52777 Leaders Heights Rd,Ontario,CA,91761,909-639-9887,lindsey.dilello@hotmail.com,5047
Devora,Perez,72868 Blackington Ave,Oakland,CA,94606,510-955-3016,devora_perez@perez.org,6556
Herman,Demesa,9 Norristown Rd,Troy,NY,12180,518-497-2940,hdemesa@cox.net,7103
Rory,Papasergi,83 County Road 437 #8581,Clarks Summit,PA,18411,570-867-7489,rpapasergi@cox.net,1143
Talia,Riopelle,1 N Harlem Ave #9,Orange,NJ,7050,973-245-2133,talia_riopelle@aol.com,7909
Van,Shire,90131 J St,Pittstown,NJ,8867,908-409-2890,van.shire@shire.com,2961
Lucina,Lary,8597 W National Ave,Cocoa,FL,32922,321-749-4981,lucina_lary@cox.net,7593
Bok,Isaacs,6 Gilson St,Bronx,NY,10468,718-809-3762,bok.isaacs@aol.com,4690
Rolande,Spickerman,65 W Maple Ave,Pearl City,HI,96782,808-315-3077,rolande.spickerman@spickerman.com,1240
Howard,Paulas,866 34th Ave,Denver,CO,80231,303-623-4241,hpaulas@gmail.com,7009
Kimbery,Madarang,798 Lund Farm Way,Rockaway,NJ,7866,973-310-1634,kimbery_madarang@cox.net,3446
Thurman,Manno,9387 Charcot Ave,Absecon,NJ,8201,609-524-3586,thurman.manno@yahoo.com,1109
Becky,Mirafuentes,30553 Washington Rd,Plainfield,NJ,7062,908-877-8409,becky.mirafuentes@mirafuentes.com,4273
Beatriz,Corrington,481 W Lemon St,Middleboro,MA,02346,508-584-4279,beatriz@yahoo.com,1735
Marti,Maybury,4 Warehouse Point Rd #7,Chicago,IL,60638,773-775-4522,marti.maybury@yahoo.com,3875
Nieves,Gotter,4940 Pulaski Park Dr,Portland,OR,97202,503-527-5274,nieves_gotter@gmail.com,6251
Leatha,Hagele,627 Walford Ave,Dallas,TX,75227,214-339-1809,lhagele@cox.net,9814
Valentin,Klimek,137 Pioneer Way,Chicago,IL,60604,312-303-5453,vklimek@klimek.org,1105
Melissa,Wiklund,61 13 Stoneridge #835,Findlay,OH,45840,419-939-3613,melissa@cox.net,9223
Sheridan,Zane,2409 Alabama Rd,Riverside,CA,92501,951-645-3605,sheridan.zane@zane.com,8064
Bulah,Padilla,8927 Vandever Ave,Waco,TX,76707,254-463-4368,bulah_padilla@hotmail.com,7122
Audra,Kohnert,134 Lewis Rd,Nashville,TN,37211,615-406-7854,audra@kohnert.com,5979
Daren,Weirather,9 N College Ave #3,Milwaukee,WI,53216,414-959-2540,dweirather@aol.com,8829
Fernanda,Jillson,60480 Old Us Highway 51,Preston,MD,21655,410-387-5260,fjillson@aol.com,9872
Gearldine,Gellinger,4 Bloomfield Ave,Irving,TX,75061,972-934-6914,gearldine_gellinger@gellinger.com,5934
Chau,Kitzman,429 Tiger Ln,Beverly Hills,CA,90212,310-560-8022,chau@gmail.com,6951
Theola,Frey,54169 N Main St,Massapequa,NY,11758,516-948-5768,theola_frey@frey.com,7644
Cheryl,Haroldson,92 Main St,Atlantic City,NJ,8401,609-518-7697,cheryl@haroldson.org,9931
Laticia,Merced,72 Mannix Dr,Cincinnati,OH,45203,513-508-7371,lmerced@gmail.com,8375
Carissa,Batman,12270 Caton Center Dr,Eugene,OR,97401,541-326-4074,carissa.batman@yahoo.com,2474
Lezlie,Craghead,749 W 18th St #45,Smithfield,NC,27577,919-533-3762,lezlie.craghead@craghead.org,4280
Ozell,Shealy,8 Industry Ln,New York,NY,10002,212-332-8435,oshealy@hotmail.com,6781
Arminda,Parvis,1 Huntwood Ave,Phoenix,AZ,85017,602-906-9419,arminda@parvis.com,6762
Reita,Leto,55262 N French Rd,Indianapolis,IN,46240,317-234-1135,reita.leto@gmail.com,4557
Yolando,Luczki,422 E 21st St,Syracuse,NY,13214,315-304-4759,yolando@cox.net,2380
Lizette,Stem,501 N 19th Ave,Cherry Hill,NJ,8002,856-487-5412,lizette.stem@aol.com,6589
Gregoria,Pawlowicz,455 N Main Ave,Garden City,NY,11530,516-212-1915,gpawlowicz@yahoo.com,2404
Carin,Deleo,1844 Southern Blvd,Little Rock,AR,72202,501-308-1040,cdeleo@deleo.com,8567
Chantell,Maynerich,2023 Greg St,Saint Paul,MN,55101,651-591-2583,chantell@yahoo.com,4919
Dierdre,Yum,63381 Jenks Ave,Philadelphia,PA,19134,215-325-3042,dyum@yahoo.com,8309
Larae,Gudroe,6651 Municipal Rd,Houma,LA,70360,985-890-7262,larae_gudroe@gmail.com,3985
Latrice,Tolfree,81 Norris Ave #525,Ronkonkoma,NY,11779,631-957-7624,latrice.tolfree@hotmail.com,2699
Kerry,Theodorov,6916 W Main St,Sacramento,CA,95827,916-591-3277,kerry.theodorov@gmail.com,5247
Dorthy,Hidvegi,9635 S Main St,Boise,ID,83704,208-649-2373,dhidvegi@yahoo.com,1918
Fannie,Lungren,17 Us Highway 111,Round Rock,TX,78664,512-587-5746,fannie.lungren@yahoo.com,4218
Evangelina,Radde,992 Civic Center Dr,Philadelphia,PA,19123,215-964-3284,evangelina@aol.com,4758
Novella,Degroot,303 N Radcliffe St,Hilo,HI,96720,808-477-4775,novella_degroot@degroot.org,4990
Clay,Hoa,73 Saint Ann St #86,Reno,NV,89502,775-501-8109,choa@hoa.org,4363
Jennifer,Fallick,44 58th St,Wheeling,IL,60090,847-979-9545,jfallick@yahoo.com,4060
Irma,Wolfgramm,9745 W Main St,Randolph,NJ,7869,973-545-7355,irma.wolfgramm@hotmail.com,2186
Eun,Coody,84 Bloomfield Ave,Spartanburg,SC,29301,864-256-3620,eun@yahoo.com,5425
Sylvia,Cousey,287 Youngstown Warren Rd,Hampstead,MD,21074,410-209-9545,sylvia_cousey@cousey.org,3575
Nana,Wrinkles,6 Van Buren St,Mount Vernon,NY,10553,914-855-2115,nana@aol.com,3851
Layla,Springe,229 N Forty Driv,New York,NY,10011,212-260-3151,layla.springe@cox.net,3757
Joesph,Degonia,2887 Knowlton St #5435,Berkeley,CA,94710,510-677-9785,joesph_degonia@degonia.org,2087
Annabelle,Boord,523 Marquette Ave,Concord,MA,01742,978-697-6263,annabelle.boord@cox.net,2867
Stephaine,Vinning,3717 Hamann Industrial Pky,San Francisco,CA,94104,415-767-6596,stephaine@cox.net,8340
Nelida,Sawchuk,3 State Route 35 S,Paramus,NJ,7652,201-971-1638,nelida@gmail.com,4657
Marguerita,Hiatt,82 N Highway 67,Oakley,CA,94561,925-634-7158,marguerita.hiatt@gmail.com,1176
Carmela,Cookey,9 Murfreesboro Rd,Chicago,IL,60623,773-494-4195,ccookey@cookey.org,9995
Junita,Brideau,6 S Broadway St,Cedar Grove,NJ,7009,973-943-3423,jbrideau@aol.com,6269
Claribel,Varriano,6 Harry L Dr #6327,Perrysburg,OH,43551,419-544-4900,claribel_varriano@cox.net,3020
Benton,Skursky,47939 Porter Ave,Gardena,CA,90248,310-579-2907,benton.skursky@aol.com,5394
Hillary,Skulski,9 Wales Rd Ne #914,Homosassa,FL,34448,352-242-2570,hillary.skulski@aol.com,8343
Merilyn,Bayless,195 13n N,Santa Clara,CA,95054,408-758-5015,merilyn_bayless@cox.net,2738
Teri,Ennaco,99 Tank Farm Rd,Hazleton,PA,18201,570-889-5187,tennaco@gmail.com,1015
Merlyn,Lawler,4671 Alemany Blvd,Jersey City,NJ,7304,201-588-7810,merlyn_lawler@hotmail.com,9669
Georgene,Montezuma,98 University Dr,San Ramon,CA,94583,925-615-5185,gmontezuma@cox.net,7209
Jettie,Mconnell,50 E Wacker Dr,Bridgewater,NJ,8807,908-802-3564,jmconnell@hotmail.com,7845
Lemuel,Latzke,70 Euclid Ave #722,Bohemia,NY,11716,631-748-6479,lemuel.latzke@gmail.com,5603
Melodie,Knipp,326 E Main St #6496,Thousand Oaks,CA,91362,805-690-1682,mknipp@gmail.com,3314
Candida,Corbley,406 Main St,Somerville,NJ,8876,908-275-8357,candida_corbley@hotmail.com,1740
Karan,Karpin,3 Elmwood Dr,Beaverton,OR,97005,503-940-8327,karan_karpin@gmail.com,1470
Andra,Scheyer,9 Church St,Salem,OR,97302,503-516-2189,andra@gmail.com,1072
Felicidad,Poullion,9939 N 14th St,Riverton,NJ,8077,856-305-9731,fpoullion@poullion.com,2770
Belen,Strassner,5384 Southwyck Blvd,Douglasville,GA,30135,770-507-8791,belen_strassner@aol.com,8136
Gracia,Melnyk,97 Airport Loop Dr,Jacksonville,FL,32216,904-235-3633,gracia@melnyk.com,3698
Jolanda,Hanafan,37855 Nolan Rd,Bangor,ME,04401,207-458-9196,jhanafan@gmail.com,6646
Barrett,Toyama,4252 N Washington Ave #9,Kennedale,TX,76060,817-765-5781,barrett.toyama@toyama.org,5350
Helga,Fredicks,42754 S Ash Ave,Buffalo,NY,14228,716-752-4114,helga_fredicks@yahoo.com,5825
Ashlyn,Pinilla,703 Beville Rd,Opa Locka,FL,33054,305-670-9628,apinilla@cox.net,4021
Fausto,Agramonte,5 Harrison Rd,New York,NY,10038,212-313-1783,fausto_agramonte@yahoo.com,9517
Ronny,Caiafa,73 Southern Blvd,Philadelphia,PA,19103,215-605-7570,ronny.caiafa@caiafa.org,3670
Marge,Limmel,189 Village Park Rd,Crestview,FL,32536,850-430-1663,marge@gmail.com,6223
Norah,Waymire,6 Middlegate Rd #106,San Francisco,CA,94107,415-306-7897,norah.waymire@gmail.com,9241
Aliza,Baltimore,1128 Delaware St,San Jose,CA,95132,408-504-3552,aliza@aol.com,4141
Mozell,Pelkowski,577 Parade St,South San Francisco,CA,94080,650-947-1215,mpelkowski@pelkowski.org,3259
Viola,Bitsuie,70 Mechanic St,Northridge,CA,91325,818-864-4875,viola@gmail.com,7005
Franklyn,Emard,4379 Highway 116,Philadelphia,PA,19103,215-558-8189,femard@emard.com,8577
Willodean,Konopacki,55 Hawthorne Blvd,Lafayette,LA,70506,337-253-8384,willodean_konopacki@konopacki.org,7092
Beckie,Silvestrini,7116 Western Ave,Dearborn,MI,48126,313-533-4884,beckie.silvestrini@silvestrini.com,9918
Rebecka,Gesick,2026 N Plankinton Ave #3,Austin,TX,78754,512-213-8574,rgesick@gesick.org,5405
Frederica,Blunk,99586 Main St,Dallas,TX,75207,214-428-2285,frederica_blunk@gmail.com,2285
Glen,Bartolet,8739 Hudson St,Vashon,WA,98070,206-697-5796,glen_bartolet@hotmail.com,6233
Freeman,Gochal,383 Gunderman Rd #197,Coatesville,PA,19320,610-476-3501,freeman_gochal@aol.com,4602
Vincent,Meinerding,4441 Point Term Mkt,Philadelphia,PA,19143,215-372-1718,vincent.meinerding@hotmail.com,2506
Rima,Bevelacqua,2972 Lafayette Ave,Gardena,CA,90248,310-858-5079,rima@cox.net,3359
Glendora,Sarbacher,2140 Diamond Blvd,Rohnert Park,CA,94928,707-653-8214,gsarbacher@gmail.com,5946
Avery,Steier,93 Redmond Rd #492,Orlando,FL,32803,407-808-9439,avery@cox.net,1776
Cristy,Lother,3989 Portage Tr,Escondido,CA,92025,760-971-4322,cristy@lother.com,7229
Nicolette,Brossart,1 Midway Rd,Westborough,MA,01581,508-837-9230,nicolette_brossart@brossart.com,6113
Tracey,Modzelewski,77132 Coon Rapids Blvd Nw,Conroe,TX,77301,936-264-9294,tracey@hotmail.com,6225
Virgina,Tegarden,755 Harbor Way,Milwaukee,WI,53226,414-214-8697,virgina_tegarden@tegarden.com,1998
Tiera,Frankel,87 Sierra Rd,El Monte,CA,91731,626-636-4117,tfrankel@aol.com,5298
Alaine,Bergesen,7667 S Hulen St #42,Yonkers,NY,10701,914-300-9193,alaine_bergesen@cox.net,5059
Earleen,Mai,75684 S Withlapopka Dr #32,Dallas,TX,75227,214-289-1973,earleen_mai@cox.net,2842
Leonida,Gobern,5 Elmwood Park Blvd,Biloxi,MS,39530,228-235-5615,leonida@gobern.org,8954
Ressie,Auffrey,23 Palo Alto Sq,Miami,FL,33134,305-604-8981,ressie.auffrey@yahoo.com,7592
Justine,Mugnolo,38062 E Main St,New York,NY,10048,212-304-9225,jmugnolo@yahoo.com,7018
Eladia,Saulter,3958 S Dupont Hwy #7,Ramsey,NJ,7446,201-474-4924,eladia@saulter.com,3972
Chaya,Malvin,560 Civic Center Dr,Ann Arbor,MI,48103,734-928-5182,chaya@malvin.com,6685
Gwenn,Suffield,3270 Dequindre Rd,Deer Park,NY,11729,631-258-6558,gwenn_suffield@suffield.org,7417
Salena,Karpel,1 Garfield Ave #7,Canton,OH,44707,330-791-8557,skarpel@cox.net,6590
Yoko,Fishburne,9122 Carpenter Ave,New Haven,CT,6511,203-506-4706,yoko@fishburne.com,2160
Taryn,Moyd,48 Lenox St,Fairfax,VA,22030,703-322-4041,taryn.moyd@hotmail.com,9100
Katina,Polidori,5 Little River Tpke,Wilmington,MA,01887,978-626-2978,katina_polidori@aol.com,2432
Rickie,Plumer,3 N Groesbeck Hwy,Toledo,OH,43613,419-693-1334,rickie.plumer@aol.com,6226
Alex,Loader,37 N Elm St #916,Tacoma,WA,98409,253-660-7821,alex@loader.com,5971
Lashon,Vizarro,433 Westminster Blvd #590,Roseville,CA,95661,916-741-7884,lashon@aol.com,4431
Lauran,Burnard,66697 Park Pl #3224,Riverton,WY,82501,307-342-7795,lburnard@burnard.com,3265
Ceola,Setter,96263 Greenwood Pl,Warren,ME,04864,207-627-7565,ceola.setter@setter.org,3345
My,Rantanen,8 Mcarthur Ln,Richboro,PA,18954,215-491-5633,my@hotmail.com,6053
Lorrine,Worlds,8 Fair Lawn Ave,Tampa,FL,33614,813-769-2939,lorrine.worlds@worlds.com,2827
Peggie,Sturiale,9 N 14th St,El Cajon,CA,92020,619-608-1763,peggie@cox.net,3580
Marvel,Raymo,9 Vanowen St,College Station,TX,77840,979-718-8968,mraymo@yahoo.com,7513
Daron,Dinos,18 Waterloo Geneva Rd,Highland Park,IL,60035,847-233-3075,daron_dinos@cox.net,9093
An,Fritz,506 S Hacienda Dr,Atlantic City,NJ,8401,609-228-5265,an_fritz@hotmail.com,7109
Portia,Stimmel,3732 Sherman Ave,Bridgewater,NJ,8807,908-722-7128,portia.stimmel@aol.com,5787
Rhea,Aredondo,25657 Live Oak St,Brooklyn,NY,11226,718-560-9537,rhea_aredondo@cox.net,9799
Benedict,Sama,4923 Carey Ave,Saint Louis,MO,63104,314-787-1588,bsama@cox.net,8139
Alyce,Arias,3196 S Rider Trl,Stockton,CA,95207,209-317-1801,alyce@arias.org,3534
Heike,Berganza,3 Railway Ave #75,Little Falls,NJ,7424,973-936-5095,heike@gmail.com,9817
Carey,Dopico,87393 E Highland Rd,Indianapolis,IN,46220,317-578-2453,carey_dopico@dopico.org,1471
Dottie,Hellickson,67 E Chestnut Hill Rd,Seattle,WA,98133,206-540-6076,dottie@hellickson.org,9840
Deandrea,Hughey,33 Lewis Rd #46,Burlington,NC,27215,336-822-7652,deandrea@yahoo.com,3146
Kimberlie,Duenas,8100 Jacksonville Rd #7,Hays,KS,67601,785-629-8542,kimberlie_duenas@yahoo.com,8116
Martina,Staback,7 W Wabansia Ave #227,Orlando,FL,32822,407-471-6908,martina_staback@staback.com,9393
Skye,Fillingim,25 Minters Chapel Rd #9,Minneapolis,MN,55401,612-508-2655,skye_fillingim@yahoo.com,4923
Jade,Farrar,6882 Torresdale Ave,Columbia,SC,29201,803-352-5387,jade.farrar@yahoo.com,6330
Charlene,Hamilton,985 E 6th Ave,Santa Rosa,CA,95407,707-300-1771,charlene.hamilton@hotmail.com,8890
Geoffrey,Acey,7 West Ave #1,Palatine,IL,60067,847-222-1734,geoffrey@gmail.com,3701
Stevie,Westerbeck,26659 N 13th St,Costa Mesa,CA,92626,949-867-4077,stevie.westerbeck@yahoo.com,4434
Pamella,Fortino,669 Packerland Dr #1438,Denver,CO,80212,303-404-2210,pamella@fortino.com,8468
Harrison,Haufler,759 Eldora St,New Haven,CT,6515,203-801-6193,hhaufler@hotmail.com,2813
Johnna,Engelberg,5 S Colorado Blvd #449,Bothell,WA,98021,425-986-7573,jengelberg@engelberg.org,6396
Buddy,Cloney,944 Gaither Dr,Strongsville,OH,44136,440-989-5826,buddy.cloney@yahoo.com,5778
Dalene,Riden,66552 Malone Rd,Plaistow,NH,3865,603-315-6839,dalene.riden@aol.com,9785
Jerry,Zurcher,77 Massillon Rd #822,Satellite Beach,FL,32937,321-518-5938,jzurcher@zurcher.org,1556
Haydee,Denooyer,25346 New Rd,New York,NY,10016,212-792-8658,hdenooyer@denooyer.org,9118
Joseph,Cryer,60 Fillmore Ave,Huntington Beach,CA,92647,714-584-2237,joseph_cryer@cox.net,3474
Deonna,Kippley,57 Haven Ave #90,Southfield,MI,48075,248-913-4677,deonna_kippley@hotmail.com,8470
Raymon,Calvaresi,6538 E Pomona St #60,Indianapolis,IN,46222,317-825-4724,raymon.calvaresi@gmail.com,3243
Alecia,Bubash,6535 Joyce St,Wichita Falls,TX,76301,940-276-7922,alecia@aol.com,5190
Ma,Layous,78112 Morris Ave,North Haven,CT,6473,203-721-3388,mlayous@hotmail.com,1091
Detra,Coyier,96950 Hidden Ln,Aberdeen,MD,21001,410-739-9277,detra@aol.com,9416
Terrilyn,Rodeigues,3718 S Main St,New Orleans,LA,70130,504-463-4384,terrilyn.rodeigues@cox.net,6545
Salome,Lacovara,9677 Commerce Dr,Richmond,VA,23219,804-550-5097,slacovara@gmail.com,8068
Garry,Keetch,5 Green Pond Rd #4,Southampton,PA,18966,215-979-8776,garry_keetch@hotmail.com,9357
Matthew,Neither,636 Commerce Dr #42,Shakopee,MN,55379,952-651-7597,mneither@yahoo.com,1469
Theodora,Restrepo,42744 Hamann Industrial Pky #82,Miami,FL,33136,305-936-8226,theodora.restrepo@restrepo.com,8383
Noah,Kalafatis,1950 5th Ave,Milwaukee,WI,53209,414-263-5287,noah.kalafatis@aol.com,7017
Carmen,Sweigard,61304 N French Rd,Somerset,NJ,8873,732-941-2621,csweigard@sweigard.com,2331
Lavonda,Hengel,87 Imperial Ct #79,Fargo,ND,58102,701-898-2154,lavonda@cox.net,9867
Junita,Stoltzman,94 W Dodge Rd,Carson City,NV,89701,775-638-9963,junita@aol.com,9520
Herminia,Nicolozakes,4 58th St #3519,Scottsdale,AZ,85254,602-954-5141,herminia@nicolozakes.org,5029
Casie,Good,5221 Bear Valley Rd,Nashville,TN,37211,615-390-2251,casie.good@aol.com,1036
Reena,Maisto,9648 S Main,Salisbury,MD,21801,410-351-1863,reena@hotmail.com,3029
Mirta,Mallett,7 S San Marcos Rd,New York,NY,10004,212-870-1286,mirta_mallett@gmail.com,3330
Cathrine,Pontoriero,812 S Haven St,Amarillo,TX,79109,806-703-1435,cathrine.pontoriero@pontoriero.com,2283
Filiberto,Tawil,3882 W Congress St #799,Los Angeles,CA,90016,323-765-2528,ftawil@hotmail.com,8096
Raul,Upthegrove,4 E Colonial Dr,La Mesa,CA,91942,619-509-5282,rupthegrove@yahoo.com,6209
Sarah,Candlish,45 2nd Ave #9759,Atlanta,GA,30328,770-732-1194,sarah.candlish@gmail.com,1765
Lucy,Treston,57254 Brickell Ave #372,Worcester,MA,01602,508-769-5250,lucy@cox.net,2112
Judy,Aquas,8977 Connecticut Ave Nw #3,Niles,MI,49120,269-756-7222,jaquas@aquas.com,7168
Yvonne,Tjepkema,9 Waydell St,Fairfield,NJ,7004,973-714-1721,yvonne.tjepkema@hotmail.com,9408
Kayleigh,Lace,43 Huey P Long Ave,Lafayette,LA,70508,337-740-9323,kayleigh.lace@yahoo.com,5568
Felix,Hirpara,7563 Cornwall Rd #4462,Denver,PA,17517,717-491-5643,felix_hirpara@cox.net,5969
Tresa,Sweely,22 Bridle Ln,Valley Park,MO,63088,314-359-9566,tresa_sweely@hotmail.com,2719
Kristeen,Turinetti,70099 E North Ave,Arlington,TX,76013,817-213-8851,kristeen@gmail.com,6069
Jenelle,Regusters,3211 E Northeast Loop,Tampa,FL,33619,813-932-8715,jregusters@regusters.com,5754
Renea,Monterrubio,26 Montgomery St,Atlanta,GA,30328,770-679-4752,renea@hotmail.com,6989
Olive,Matuszak,13252 Lighthouse Ave,Cathedral City,CA,92234,760-938-6069,olive@aol.com,1758
Ligia,Reiber,206 Main St #2804,Lansing,MI,48933,517-906-1108,lreiber@cox.net,4968
Christiane,Eschberger,96541 W Central Blvd,Phoenix,AZ,85034,602-390-4944,christiane.eschberger@yahoo.com,3346
Goldie,Schirpke,34 Saint George Ave #2,Bangor,ME,04401,207-295-7569,goldie.schirpke@yahoo.com,3517
Loreta,Timenez,47857 Coney Island Ave,Clinton,MD,20735,301-696-6420,loreta.timenez@hotmail.com,1978
Fabiola,Hauenstein,8573 Lincoln Blvd,York,PA,17404,717-809-3119,fabiola.hauenstein@hauenstein.org,6535
Amie,Perigo,596 Santa Maria Ave #7913,Mesquite,TX,75150,972-419-7946,amie.perigo@yahoo.com,7744
Raina,Brachle,3829 Ventura Blvd,Butte,MT,59701,406-318-1515,raina.brachle@brachle.org,6577
Erinn,Canlas,13 S Hacienda Dr,Livingston,NJ,7039,973-767-3008,erinn.canlas@canlas.com,2529
Cherry,Lietz,40 9th Ave Sw #91,Waterford,MI,48329,248-980-6904,cherry@lietz.com,9358
Kattie,Vonasek,2845 Boulder Crescent St,Cleveland,OH,44103,216-923-3715,kattie@vonasek.org,5599
Lilli,Scriven,33 State St,Abilene,TX,79601,325-631-1560,lilli@aol.com,9968
Whitley,Tomasulo,2 S 15th St,Fort Worth,TX,76107,817-526-4408,whitley.tomasulo@aol.com,6247
Barbra,Adkin,4 Kohler Memorial Dr,Brooklyn,NY,11230,718-201-3751,badkin@hotmail.com,4722
Hermila,Thyberg,1 Rancho Del Mar Shopping C,Providence,RI,2903,401-893-4882,hermila_thyberg@hotmail.com,9555
Jesusita,Flister,3943 N Highland Ave,Lancaster,PA,17601,717-885-9118,jesusita.flister@hotmail.com,7830
Caitlin,Julia,5 Williams St,Johnston,RI,2919,401-948-4982,caitlin.julia@julia.org,1530
Roosevelt,Hoffis,60 Old Dover Rd,Hialeah,FL,33014,305-622-4739,roosevelt.hoffis@aol.com,4250
Helaine,Halter,8 Sheridan Rd,Jersey City,NJ,7304,201-832-4168,hhalter@yahoo.com,6818
Lorean,Martabano,85092 Southern Blvd,San Antonio,TX,78204,210-856-4979,lorean.martabano@hotmail.com,4208
France,Buzick,64 Newman Springs Rd E,Brooklyn,NY,11219,718-478-8504,france.buzick@yahoo.com,3984
Justine,Ferrario,48 Stratford Ave,Pomona,CA,91768,909-993-3242,jferrario@hotmail.com,2042
Adelina,Nabours,80 Pittsford Victor Rd #9,Cleveland,OH,44103,216-230-4892,adelina_nabours@gmail.com,8288
Derick,Dhamer,87163 N Main Ave,New York,NY,10013,212-304-4515,ddhamer@cox.net,4862
Jerry,Dallen,393 Lafayette Ave,Richmond,VA,23219,804-762-9576,jerry.dallen@yahoo.com,1761
Leota,Ragel,99 5th Ave #33,Trion,GA,30753,706-221-4243,leota.ragel@gmail.com,6742
Jutta,Amyot,49 N Mays St,Broussard,LA,70518,337-515-1438,jamyot@hotmail.com,7910
Aja,Gehrett,993 Washington Ave,Nutley,NJ,7110,973-544-2677,aja_gehrett@hotmail.com,8004
Kirk,Herritt,88 15th Ave Ne,Vestal,NY,13850,607-407-3716,kirk.herritt@aol.com,7836
Leonora,Mauson,3381 E 40th Ave,Passaic,NJ,7055,973-412-2995,leonora@yahoo.com,1210
Winfred,Brucato,201 Ridgewood Rd,Moscow,ID,83843,208-252-4552,winfred_brucato@hotmail.com,6425
Tarra,Nachor,39 Moccasin Dr,San Francisco,CA,94104,415-411-1775,tarra.nachor@cox.net,3936
Corinne,Loder,4 Carroll St,North Attleboro,MA,02760,508-942-4186,corinne@loder.org,6372
Dulce,Labreche,9581 E Arapahoe Rd,Rochester,MI,48307,248-357-8718,dulce_labreche@yahoo.com,1171
Kate,Keneipp,33 N Michigan Ave,Green Bay,WI,54301,920-353-6377,kate_keneipp@yahoo.com,4618
Kaitlyn,Ogg,2 S Biscayne Blvd,Baltimore,MD,21230,410-665-4903,kaitlyn.ogg@gmail.com,9036
Sherita,Saras,8 Us Highway 22,Colorado Springs,CO,80937,719-669-1664,sherita.saras@cox.net,2881
Lashawnda,Stuer,7422 Martin Ave #8,Toledo,OH,43607,419-588-8719,lstuer@cox.net,7107
Ernest,Syrop,94 Chase Rd,Hyattsville,MD,20785,301-998-9644,ernest@cox.net,9489
Nobuko,Halsey,8139 I Hwy 10 #92,New Bedford,MA,02745,508-855-9887,nobuko.halsey@yahoo.com,3415
Lavonna,Wolny,5 Cabot Rd,Mc Lean,VA,22102,703-483-1970,lavonna.wolny@hotmail.com,6693
Lashaunda,Lizama,3387 Ryan Dr,Hanover,MD,21076,410-678-2473,llizama@cox.net,8202
Mariann,Bilden,3125 Packer Ave #9851,Austin,TX,78753,512-223-4791,mariann.bilden@aol.com,8966
Helene,Rodenberger,347 Chestnut St,Peoria,AZ,85381,623-461-8551,helene@aol.com,7322
Roselle,Estell,8116 Mount Vernon Ave,Bucyrus,OH,44820,419-571-5920,roselle.estell@hotmail.com,4917
Samira,Heintzman,8772 Old County Rd #5410,Kent,WA,98032,206-311-4137,sheintzman@hotmail.com,7900
Margart,Meisel,868 State St #38,Cincinnati,OH,45251,513-617-2362,margart_meisel@yahoo.com,5616
Kristofer,Bennick,772 W River Dr,Bloomington,IN,47404,812-368-1511,kristofer.bennick@yahoo.com,7190
Weldon,Acuff,73 W Barstow Ave,Arlington Heights,IL,60004,847-353-2156,wacuff@gmail.com,1690
Shalon,Shadrick,61047 Mayfield Ave,Brooklyn,NY,11223,718-232-2337,shalon@cox.net,9963
Denise,Patak,2139 Santa Rosa Ave,Orlando,FL,32801,407-446-4358,denise@patak.org,4211
Louvenia,Beech,598 43rd St,Beverly Hills,CA,90210,310-820-2117,louvenia.beech@beech.com,4245
Audry,Yaw,70295 Pioneer Ct,Brandon,FL,33511,813-797-4816,audry.yaw@yaw.org,6454
Kristel,Ehmann,92899 Kalakaua Ave,El Paso,TX,79925,915-452-1290,kristel.ehmann@aol.com,3798
Vincenza,Zepp,395 S 6th St #2,El Cajon,CA,92020,619-603-5125,vzepp@gmail.com,1420
Elouise,Gwalthney,9506 Edgemore Ave,Bladensburg,MD,20710,301-841-5012,egwalthney@yahoo.com,6783
Venita,Maillard,72119 S Walker Ave #63,Anaheim,CA,92801,714-523-6653,venita_maillard@gmail.com,2213
Kasandra,Semidey,369 Latham St #500,Saint Louis,MO,63102,314-732-9131,kasandra_semidey@semidey.com,5482
Xochitl,Discipio,3158 Runamuck Pl,Round Rock,TX,78664,512-233-1831,xdiscipio@gmail.com,9881
Maile,Linahan,9 Plainsboro Rd #598,Greensboro,NC,27409,336-670-2640,mlinahan@yahoo.com,8963
Krissy,Rauser,8728 S Broad St,Coram,NY,11727,631-443-4710,krauser@cox.net,9324
Pete,Dubaldi,2215 Prosperity Dr,Lyndhurst,NJ,7071,201-825-2514,pdubaldi@hotmail.com,4673
Linn,Paa,1 S Pine St,Memphis,TN,38112,901-412-4381,linn_paa@paa.com,4441
Paris,Wide,187 Market St,Atlanta,GA,30342,404-505-4445,paris@hotmail.com,8790
Wynell,Dorshorst,94290 S Buchanan St,Pacifica,CA,94044,650-473-1262,wynell_dorshorst@dorshorst.org,4901
Quentin,Birkner,7061 N 2nd St,Burnsville,MN,55337,952-702-7993,qbirkner@aol.com,9272
Regenia,Kannady,10759 Main St,Scottsdale,AZ,85260,480-726-1280,regenia.kannady@cox.net,5174
Sheron,Louissant,97 E 3rd St #9,Long Island City,NY,11101,718-976-8610,sheron@aol.com,5268
Izetta,Funnell,82 Winsor St #54,Atlanta,GA,30340,770-844-3447,izetta.funnell@hotmail.com,7879
Rodolfo,Butzen,41 Steel Ct,Northfield,MN,55057,507-210-3510,rodolfo@hotmail.com,5542
Zona,Colla,49440 Dearborn St,Norwalk,CT,6854,203-461-1949,zona@hotmail.com,6370
Serina,Zagen,7 S Beverly Dr,Fort Wayne,IN,46802,260-273-3725,szagen@aol.com,6780
Paz,Sahagun,919 Wall Blvd,Meridian,MS,39307,601-927-8287,paz_sahagun@cox.net,6823
Markus,Lukasik,89 20th St E #779,Sterling Heights,MI,48310,586-970-7380,markus@yahoo.com,2244
Jaclyn,Bachman,721 Interstate 45 S,Colorado Springs,CO,80919,719-853-3600,jaclyn@aol.com,6265
Cyril,Daufeldt,3 Lawton St,New York,NY,10013,212-745-8484,cyril_daufeldt@daufeldt.com,9412
Gayla,Schnitzler,38 Pleasant Hill Rd,Hayward,CA,94545,510-686-3407,gschnitzler@gmail.com,5206
Erick,Nievas,45 E Acacia Ct,Chicago,IL,60624,773-704-9903,erick_nievas@aol.com,4480
Jennie,Drymon,63728 Poway Rd #1,Scranton,PA,18509,570-218-4831,jennie@cox.net,2582
Mitsue,Scipione,77 222 Dr,Oroville,CA,95965,530-986-9272,mscipione@scipione.com,6754
Ciara,Ventura,53 W Carey St,Port Jervis,NY,12771,845-823-8877,cventura@yahoo.com,7273
Galen,Cantres,617 Nw 36th Ave,Brook Park,OH,44142,216-600-6111,galen@yahoo.com,4965
Truman,Feichtner,539 Coldwater Canyon Ave,Bloomfield,NJ,7003,973-852-2736,tfeichtner@yahoo.com,3614
Gail,Kitty,735 Crawford Dr,Anchorage,AK,99501,907-435-9166,gail@kitty.com,1378
Dalene,Schoeneck,910 Rahway Ave,Philadelphia,PA,19102,215-268-1275,dalene@schoeneck.org,6299
Gertude,Witten,7 Tarrytown Rd,Cincinnati,OH,45217,513-977-7043,gertude.witten@gmail.com,3628
Lizbeth,Kohl,35433 Blake St #588,Gardena,CA,90248,310-699-1222,lizbeth@yahoo.com,4421
Glenn,Berray,29 Cherry St #7073,Des Moines,IA,50315,515-370-7348,gberray@gmail.com,4592
Lashandra,Klang,810 N La Brea Ave,King of Prussia,PA,19406,610-809-1818,lashandra@yahoo.com,2912
Lenna,Newville,987 Main St,Raleigh,NC,27601,919-623-2524,lnewville@newville.com,3331
Laurel,Pagliuca,36 Enterprise St Se,Richland,WA,99352,509-695-5199,laurel@yahoo.com,8896
Mireya,Frerking,8429 Miller Rd,Pelham,NY,10803,914-868-5965,mireya.frerking@hotmail.com,1491
Annelle,Tagala,5 W 7th St,Parkville,MD,21234,410-757-1035,annelle@yahoo.com,2975
Dean,Ketelsen,2 Flynn Rd,Hicksville,NY,11801,516-847-4418,dean_ketelsen@gmail.com,1025
Levi,Munis,2094 Ne 36th Ave,Worcester,MA,01603,508-456-4907,levi.munis@gmail.com,8926
Sylvie,Ryser,649 Tulane Ave,Tulsa,OK,74105,918-644-9555,sylvie@aol.com,5465
Sharee,Maile,2094 Montour Blvd,Muskegon,MI,49442,231-467-9978,sharee_maile@aol.com,4994
Cordelia,Storment,393 Hammond Dr,Lafayette,LA,70506,337-566-6001,cordelia_storment@aol.com,2222
Mollie,Mcdoniel,8590 Lake Lizzie Dr,Bowling Green,OH,43402,419-975-3182,mollie_mcdoniel@yahoo.com,2530
Brett,Mccullan,87895 Concord Rd,La Mesa,CA,91942,619-461-9984,brett.mccullan@mccullan.com,1111
Teddy,Pedrozo,46314 Route 130,Bridgeport,CT,6610,203-892-3863,teddy_pedrozo@aol.com,3470
Tasia,Andreason,4 Cowesett Ave,Kearny,NJ,7032,201-920-9002,tasia_andreason@yahoo.com,2780
Hubert,Walthall,95 Main Ave #2,Barberton,OH,44203,330-903-1345,hubert@walthall.org,4992
Arthur,Farrow,28 S 7th St #2824,Englewood,NJ,7631,201-238-5688,arthur.farrow@yahoo.com,2344
Vilma,Berlanga,79 S Howell Ave,Grand Rapids,MI,49546,616-737-3085,vberlanga@berlanga.com,4878
Billye,Miro,36 Lancaster Dr Se,Pearl,MS,39208,601-567-5386,billye_miro@cox.net,2460
Glenna,Slayton,2759 Livingston Ave,Memphis,TN,38118,901-640-9178,glenna_slayton@cox.net,7411
Mitzie,Hudnall,17 Jersey Ave,Englewood,CO,80110,303-402-1940,mitzie_hudnall@yahoo.com,9463
Bernardine,Rodefer,2 W Grand Ave,Memphis,TN,38112,901-901-4726,bernardine_rodefer@yahoo.com,8147
Staci,Schmaltz,18 Coronado Ave #563,Pasadena,CA,91106,626-866-2339,staci_schmaltz@aol.com,6834
Nichelle,Meteer,72 Beechwood Ter,Chicago,IL,60657,773-225-9985,nichelle_meteer@meteer.com,8684
Janine,Rhoden,92 Broadway,Astoria,NY,11103,718-228-5894,jrhoden@yahoo.com,9618
Ettie,Hoopengardner,39 Franklin Ave,Richland,WA,99352,509-755-5393,ettie.hoopengardner@hotmail.com,6178
Eden,Jayson,4 Iwaena St,Baltimore,MD,21202,410-890-7866,eden_jayson@yahoo.com,5786
Lynelle,Auber,32820 Corkwood Rd,Newark,NJ,7104,973-860-8610,lynelle_auber@gmail.com,5789
Merissa,Tomblin,34 Raritan Center Pky,Bellflower,CA,90706,562-579-6900,merissa.tomblin@gmail.com,5216
Golda,Kaniecki,6201 S Nevada Ave,Toms River,NJ,8755,732-628-9909,golda_kaniecki@yahoo.com,6752
Catarina,Gleich,78 Maryland Dr #146,Denville,NJ,7834,973-210-3994,catarina_gleich@hotmail.com,3451
Virgie,Kiel,76598 Rd  I 95 #1,Denver,CO,80216,303-776-7548,vkiel@hotmail.com,3602
Jolene,Ostolaza,1610 14th St Nw,Newport News,VA,23608,757-682-7116,jolene@yahoo.com,8669
Keneth,Borgman,86350 Roszel Rd,Phoenix,AZ,85012,602-919-4211,keneth@yahoo.com,9999
Rikki,Nayar,1644 Clove Rd,Miami,FL,33155,305-968-9487,rikki@nayar.com,7146
Elke,Sengbusch,9 W Central Ave,Phoenix,AZ,85013,602-896-2993,elke_sengbusch@yahoo.com,1373
Hoa,Sarao,27846 Lafayette Ave,Oak Hill,FL,32759,386-526-7800,hoa@sarao.org,5217
Trinidad,Mcrae,10276 Brooks St,San Francisco,CA,94105,415-331-9634,trinidad_mcrae@yahoo.com,3206
Mari,Lueckenbach,1 Century Park E,San Diego,CA,92110,858-793-9684,mari_lueckenbach@yahoo.com,1834
Selma,Husser,9 State Highway 57 #22,Jersey City,NJ,7306,201-991-8369,selma.husser@cox.net,8888
Antione,Onofrio,4 S Washington Ave,San Bernardino,CA,92410,909-430-7765,aonofrio@onofrio.com,4746
Luisa,Jurney,25 Se 176th Pl,Cambridge,MA,02138,617-365-2134,ljurney@hotmail.com,7777
Clorinda,Heimann,105 Richmond Valley Rd,Escondido,CA,92025,760-291-5497,clorinda.heimann@hotmail.com,1342
Dick,Wenzinger,22 Spruce St #595,Gardena,CA,90248,310-510-9713,dick@yahoo.com,3931
Ahmed,Angalich,2 W Beverly Blvd,Harrisburg,PA,17110,717-528-8996,ahmed.angalich@angalich.com,2886
Iluminada,Ohms,72 Southern Blvd,Mesa,AZ,85204,480-293-2882,iluminada.ohms@yahoo.com,2455
Joanna,Leinenbach,1 Washington St,Lake Worth,FL,33461,561-470-4574,joanna_leinenbach@hotmail.com,8513
Caprice,Suell,90177 N 55th Ave,Nashville,TN,37211,615-246-1824,caprice@aol.com,5167
Stephane,Myricks,9 Tower Ave,Burlington,KY,41005,859-717-7638,stephane_myricks@cox.net,6666
Quentin,Swayze,278 Bayview Ave,Milan,MI,48160,734-561-6170,quentin_swayze@yahoo.com,5653
Annmarie,Castros,80312 W 32nd St,Conroe,TX,77301,936-751-7961,annmarie_castros@gmail.com,2427
Shonda,Greenbush,82 Us Highway 46,Clifton,NJ,7011,973-482-2430,shonda_greenbush@cox.net,3398
Cecil,Lapage,4 Stovall St #72,Union City,NJ,7087,201-693-3967,clapage@lapage.com,6928
Jeanice,Claucherty,19 Amboy Ave,Miami,FL,33142,305-988-4162,jeanice.claucherty@yahoo.com,7892
Josphine,Villanueva,63 Smith Ln #8343,Moss,TN,38575,931-553-9774,josphine_villanueva@villanueva.com,9845
Daniel,Perruzza,11360 S Halsted St,Santa Ana,CA,92705,714-771-3880,dperruzza@perruzza.com,4088
Cassi,Wildfong,26849 Jefferson Hwy,Rolling Meadows,IL,60008,847-633-3216,cassi.wildfong@aol.com,8150
Britt,Galam,2500 Pringle Rd Se #508,Hatfield,PA,19440,215-888-3304,britt@galam.org,3690
Adell,Lipkin,65 Mountain View Dr,Whippany,NJ,7981,973-654-1561,adell.lipkin@lipkin.com,4838
Jacqueline,Rowling,1 N San Saba,Erie,PA,16501,814-865-8113,jacqueline.rowling@yahoo.com,4152
Lonny,Weglarz,51120 State Route 18,Salt Lake City,UT,84115,801-293-9853,lonny_weglarz@gmail.com,2256
Lonna,Diestel,1482 College Ave,Fayetteville,NC,28301,910-922-3672,lonna_diestel@gmail.com,5555
Cristal,Samara,4119 Metropolitan Dr,Los Angeles,CA,90021,213-975-8026,cristal@cox.net,5314
Kenneth,Grenet,2167 Sierra Rd,East Lansing,MI,48823,517-499-2322,kenneth.grenet@grenet.org,5714
Elli,Mclaird,6 Sunrise Ave,Utica,NY,13501,315-818-2638,emclaird@mclaird.com,1527
Alline,Jeanty,55713 Lake City Hwy,South Bend,IN,46601,574-656-2800,ajeanty@gmail.com,9126
Sharika,Eanes,75698 N Fiesta Blvd,Orlando,FL,32806,407-312-1691,sharika.eanes@aol.com,2262
Nu,Mcnease,88 Sw 28th Ter,Harrison,NJ,7029,973-751-9003,nu@gmail.com,7760
Daniela,Comnick,7 Flowers Rd #403,Trenton,NJ,8611,609-200-8577,dcomnick@cox.net,8356
Cecilia,Colaizzo,4 Nw 12th St #3849,Madison,WI,53717,608-382-4541,cecilia_colaizzo@colaizzo.com,9356
Leslie,Threets,2 A Kelley Dr,Katonah,NY,10536,914-861-9748,leslie@cox.net,2625
Nan,Koppinger,88827 Frankford Ave,Greensboro,NC,27401,336-370-5333,nan@koppinger.com,5415
Izetta,Dewar,2 W Scyene Rd #3,Baltimore,MD,21217,410-473-1708,idewar@dewar.com,6245
Tegan,Arceo,62260 Park Stre,Monroe Township,NJ,8831,732-730-2692,tegan.arceo@arceo.org,5024
Ruthann,Keener,3424 29th St Se,Kerrville,TX,78028,830-258-2769,ruthann@hotmail.com,8781
Joni,Breland,35 E Main St #43,Elk Grove Village,IL,60007,847-519-5906,joni_breland@cox.net,5313
Vi,Rentfro,7163 W Clark Rd,Freehold,NJ,7728,732-605-4781,vrentfro@cox.net,8017
Colette,Kardas,21575 S Apple Creek Rd,Omaha,NE,68124,402-896-5943,colette.kardas@yahoo.com,1506
Malcolm,Tromblay,747 Leonis Blvd,Annandale,VA,22003,703-221-5602,malcolm_tromblay@cox.net,5939
Ryan,Harnos,13 Gunnison St,Plano,TX,75075,972-558-1665,ryan@cox.net,6868
Jess,Chaffins,18 3rd Ave,New York,NY,10016,212-510-4633,jess.chaffins@chaffins.org,8439
Sharen,Bourbon,62 W Austin St,Syosset,NY,11791,516-816-1541,sbourbon@yahoo.com,7247
Nickolas,Juvera,177 S Rider Trl #52,Crystal River,FL,34429,352-598-8301,nickolas_juvera@cox.net,7569
Gary,Nunlee,2 W Mount Royal Ave,Fortville,IN,46040,317-542-6023,gary_nunlee@nunlee.org,2106
Diane,Devreese,1953 Telegraph Rd,Saint Joseph,MO,64504,816-557-9673,diane@cox.net,7482
Roslyn,Chavous,63517 Dupont St,Jackson,MS,39211,601-234-9632,roslyn.chavous@chavous.org,4070
Glory,Schieler,5 E Truman Rd,Abilene,TX,79602,325-869-2649,glory@yahoo.com,4444
Rasheeda,Sayaphon,251 Park Ave #979,Saratoga,CA,95070,408-805-4309,rasheeda@aol.com,4961
Alpha,Palaia,43496 Commercial Dr #29,Cherry Hill,NJ,8003,856-312-2629,alpha@yahoo.com,8766
Refugia,Jacobos,2184 Worth St,Hayward,CA,94545,510-974-8671,refugia.jacobos@jacobos.com,1199
Shawnda,Yori,50126 N Plankinton Ave,Longwood,FL,32750,407-538-5106,shawnda.yori@yahoo.com,8695
Mona,Delasancha,38773 Gravois Ave,Cheyenne,WY,82001,307-403-1488,mdelasancha@hotmail.com,2435
Gilma,Liukko,16452 Greenwich St,Garden City,NY,11530,516-393-9967,gilma_liukko@gmail.com,5007
Janey,Gabisi,40 Cambridge Ave,Madison,WI,53715,608-967-7194,jgabisi@hotmail.com,3817
Lili,Paskin,20113 4th Ave E,Kearny,NJ,7032,201-431-2989,lili.paskin@cox.net,1519
Loren,Asar,6 Ridgewood Center Dr,Old Forge,PA,18518,570-648-3035,loren.asar@aol.com,5708
Dorothy,Chesterfield,469 Outwater Ln,San Diego,CA,92126,858-617-7834,dorothy@cox.net,8747
Gail,Similton,62 Monroe St,Thousand Palms,CA,92276,760-616-5388,gail_similton@similton.com,9381
Catalina,Tillotson,3338 A Lockport Pl #6,Margate City,NJ,8402,609-373-3332,catalina@hotmail.com,6591
Lawrence,Lorens,9 Hwy,Providence,RI,2906,401-465-6432,lawrence.lorens@hotmail.com,4837
Carlee,Boulter,8284 Hart St,Abilene,KS,67410,785-347-1805,carlee.boulter@hotmail.com,2456
Thaddeus,Ankeny,5 Washington St #1,Roseville,CA,95678,916-920-3571,tankeny@ankeny.org,3533
Jovita,Oles,8 S Haven St,Daytona Beach,FL,32114,386-248-4118,joles@gmail.com,1204
Alesia,Hixenbaugh,9 Front St,Washington,DC,20001,202-646-7516,alesia_hixenbaugh@hixenbaugh.org,3333
Lai,Harabedian,1933 Packer Ave #2,Novato,CA,94945,415-423-3294,lai@gmail.com,8148
Brittni,Gillaspie,67 Rv Cent,Boise,ID,83709,208-709-1235,bgillaspie@gillaspie.com,2966
Raylene,Kampa,2 Sw Nyberg Rd,Elkhart,IN,46514,574-499-1454,rkampa@kampa.org,4252
Flo,Bookamer,89992 E 15th St,Alliance,NE,69301,308-726-2182,flo.bookamer@cox.net,7440
Jani,Biddy,61556 W 20th Ave,Seattle,WA,98104,206-711-6498,jbiddy@yahoo.com,3543
Chauncey,Motley,63 E Aurora Dr,Orlando,FL,32804,407-413-4842,chauncey_motley@aol.com,1759
